[
    {
      "x": 4,
      "y": 2,
      "op": "+"
    },
    {
      "x": 20,
      "y": 4,
      "op": "+"
    },
    {
      "x": 4,
      "y": 2,
      "op": "-"
    },
    {
      "x": 20,
      "y": 4,
      "op": "-"
    },
    {
      "x": 4,
      "y": 2,
      "op": "*"
    },
    {
      "x": 20,
      "y": 4,
      "op": "*"
    },
    {
      "x": 4,
      "y": 2,
      "op": "/"
    },
    {
      "x": 20,
      "y": 4,
      "op": "/"
    }
  ]